what,kind,bundleId,bundleVersion,description,time
executed,command,org.eclipse.debug.ui,3.10.1.v20140822-1408,"org.eclipse.debug.ui.commands.StepOver",1444930281667
executed,command,org.eclipse.debug.ui,3.10.1.v20140822-1408,"org.eclipse.debug.ui.commands.StepOver",1444930281897
executed,command,org.eclipse.debug.ui,3.10.1.v20140822-1408,"org.eclipse.debug.ui.commands.StepOver",1444930282122
executed,command,org.eclipse.debug.ui,3.10.1.v20140822-1408,"org.eclipse.debug.ui.commands.StepOver",1444930282366
executed,command,org.eclipse.debug.ui,3.10.1.v20140822-1408,"org.eclipse.debug.ui.commands.StepOver",1444930282593
executed,command,org.eclipse.debug.ui,3.10.1.v20140822-1408,"org.eclipse.debug.ui.commands.StepOver",1444930282837
executed,command,org.eclipse.debug.ui,3.10.1.v20140822-1408,"org.eclipse.debug.ui.commands.StepOver",1444930283061
executed,command,org.eclipse.debug.ui,3.10.1.v20140822-1408,"org.eclipse.debug.ui.commands.StepOver",1444930283311
executed,command,org.eclipse.debug.ui,3.10.1.v20140822-1408,"org.eclipse.debug.ui.commands.StepOver",1444930283548
executed,command,org.eclipse.debug.ui,3.10.1.v20140822-1408,"org.eclipse.debug.ui.commands.StepOver",1444930283766
executed,command,org.eclipse.debug.ui,3.10.1.v20140822-1408,"org.eclipse.debug.ui.commands.StepOver",1444930284001
executed,command,org.eclipse.debug.ui,3.10.1.v20140822-1408,"org.eclipse.debug.ui.commands.StepOver",1444930284239
executed,command,org.eclipse.debug.ui,3.10.1.v20140822-1408,"org.eclipse.debug.ui.commands.StepOver",1444930284509
executed,command,org.eclipse.debug.ui,3.10.1.v20140822-1408,"org.eclipse.debug.ui.commands.StepOver",1444930284757
executed,command,org.eclipse.debug.ui,3.10.1.v20140822-1408,"org.eclipse.debug.ui.commands.StepOver",1444930285009
executed,command,org.eclipse.debug.ui,3.10.1.v20140822-1408,"org.eclipse.debug.ui.commands.StepOver",1444930285505
executed,command,org.eclipse.debug.ui,3.10.1.v20140822-1408,"org.eclipse.debug.ui.commands.StepOver",1444930285747
executed,command,org.eclipse.debug.ui,3.10.1.v20140822-1408,"org.eclipse.debug.ui.commands.StepOver",1444930285990
executed,command,org.eclipse.debug.ui,3.10.1.v20140822-1408,"org.eclipse.debug.ui.commands.StepOver",1444930286217
executed,command,org.eclipse.debug.ui,3.10.1.v20140822-1408,"org.eclipse.debug.ui.commands.StepOver",1444930286482
executed,command,org.eclipse.debug.ui,3.10.1.v20140822-1408,"org.eclipse.debug.ui.commands.StepOver",1444930286848
executed,command,org.eclipse.debug.ui,3.10.1.v20140822-1408,"org.eclipse.debug.ui.commands.StepOver",1444930287096
executed,command,org.eclipse.debug.ui,3.10.1.v20140822-1408,"org.eclipse.debug.ui.commands.StepOver",1444930287334
executed,command,org.eclipse.debug.ui,3.10.1.v20140822-1408,"org.eclipse.debug.ui.commands.StepOver",1444930287573
executed,command,org.eclipse.debug.ui,3.10.1.v20140822-1408,"org.eclipse.debug.ui.commands.StepOver",1444930287873
executed,command,org.eclipse.debug.ui,3.10.1.v20140822-1408,"org.eclipse.debug.ui.commands.StepOver",1444930288178
executed,command,org.eclipse.debug.ui,3.10.1.v20140822-1408,"org.eclipse.debug.ui.commands.StepOver",1444930288491
executed,command,org.eclipse.debug.ui,3.10.1.v20140822-1408,"org.eclipse.debug.ui.commands.StepOver",1444930288752
executed,command,org.eclipse.debug.ui,3.10.1.v20140822-1408,"org.eclipse.debug.ui.commands.StepOver",1444930289080
executed,command,org.eclipse.debug.ui,3.10.1.v20140822-1408,"org.eclipse.debug.ui.commands.StepOver",1444930289521
executed,command,org.eclipse.debug.ui,3.10.1.v20140822-1408,"org.eclipse.debug.ui.commands.StepOver",1444930290102
activated,editor,org.eclipse.jdt.ui,3.10.1.v20140817-1500,"org.eclipse.jdt.ui.CompilationUnitEditor",1444930290145
executed,command,org.eclipse.debug.ui,3.10.1.v20140822-1408,"org.eclipse.debug.ui.commands.StepOver",1444930290899
executed,command,org.eclipse.debug.ui,3.10.1.v20140822-1408,"org.eclipse.debug.ui.commands.StepOver",1444930291599
activated,editor,org.eclipse.jdt.ui,3.10.1.v20140817-1500,"org.eclipse.jdt.ui.CompilationUnitEditor",1444930291689
executed,command,org.eclipse.debug.ui,3.10.1.v20140822-1408,"org.eclipse.debug.ui.commands.StepOver",1444930296928
activated,view,org.eclipse.debug.ui,3.10.1.v20140822-1408,"org.eclipse.debug.ui.VariableView",1444930302032
executed,command,org.eclipse.debug.ui,3.10.1.v20140822-1408,"org.eclipse.debug.ui.commands.StepOver",1444930307299
executed,command,org.eclipse.debug.ui,3.10.1.v20140822-1408,"org.eclipse.debug.ui.commands.StepOver",1444930315645
executed,command,org.eclipse.debug.ui,3.10.1.v20140822-1408,"org.eclipse.debug.ui.commands.StepOver",1444930325672
executed,command,org.eclipse.debug.ui,3.10.1.v20140822-1408,"org.eclipse.debug.ui.commands.StepOver",1444930418492
executed,command,org.eclipse.debug.ui,3.10.1.v20140822-1408,"org.eclipse.debug.ui.commands.StepOver",1444930419208
executed,command,org.eclipse.debug.ui,3.10.1.v20140822-1408,"org.eclipse.debug.ui.commands.StepOver",1444930419730
executed,command,org.eclipse.debug.ui,3.10.1.v20140822-1408,"org.eclipse.debug.ui.commands.StepOver",1444930430198
executed,command,org.eclipse.debug.ui,3.10.1.v20140822-1408,"org.eclipse.debug.ui.commands.StepOver",1444930442815
executed,command,org.eclipse.debug.ui,3.10.1.v20140822-1408,"org.eclipse.debug.ui.commands.StepOver",1444930444519
executed,command,org.eclipse.debug.ui,3.10.1.v20140822-1408,"org.eclipse.debug.ui.commands.StepOver",1444930454867
executed,command,org.eclipse.debug.ui,3.10.1.v20140822-1408,"org.eclipse.debug.ui.commands.StepOver",1444930460095
executed,command,org.eclipse.debug.ui,3.10.1.v20140822-1408,"org.eclipse.debug.ui.commands.StepOver",1444930495977
executed,command,org.eclipse.debug.ui,3.10.1.v20140822-1408,"org.eclipse.debug.ui.commands.StepOver",1444930496608
executed,command,org.eclipse.debug.ui,3.10.1.v20140822-1408,"org.eclipse.debug.ui.commands.StepOver",1444930497311
executed,command,org.eclipse.debug.ui,3.10.1.v20140822-1408,"org.eclipse.debug.ui.commands.StepOver",1444930498614
executed,command,org.eclipse.debug.ui,3.10.1.v20140822-1408,"org.eclipse.debug.ui.commands.StepOver",1444930499118
executed,command,org.eclipse.debug.ui,3.10.1.v20140822-1408,"org.eclipse.debug.ui.commands.StepOver",1444930499545
executed,command,org.eclipse.debug.ui,3.10.1.v20140822-1408,"org.eclipse.debug.ui.commands.StepOver",1444930499932
executed,command,org.eclipse.debug.ui,3.10.1.v20140822-1408,"org.eclipse.debug.ui.commands.StepOver",1444930500340
executed,command,org.eclipse.debug.ui,3.10.1.v20140822-1408,"org.eclipse.debug.ui.commands.StepOver",1444930500691
executed,command,org.eclipse.debug.ui,3.10.1.v20140822-1408,"org.eclipse.debug.ui.commands.StepOver",1444930501531
executed,command,org.eclipse.debug.ui,3.10.1.v20140822-1408,"org.eclipse.debug.ui.commands.StepOver",1444930502992
executed,command,org.eclipse.debug.ui,3.10.1.v20140822-1408,"org.eclipse.debug.ui.commands.StepOver",1444930505188
executed,command,org.eclipse.debug.ui,3.10.1.v20140822-1408,"org.eclipse.debug.ui.commands.StepOver",1444930506065
executed,command,org.eclipse.debug.ui,3.10.1.v20140822-1408,"org.eclipse.debug.ui.commands.StepOver",1444930507118
executed,command,org.eclipse.debug.ui,3.10.1.v20140822-1408,"org.eclipse.debug.ui.commands.StepOver",1444930507734
executed,command,org.eclipse.debug.ui,3.10.1.v20140822-1408,"org.eclipse.debug.ui.commands.StepOver",1444930508995
executed,command,org.eclipse.debug.ui,3.10.1.v20140822-1408,"org.eclipse.debug.ui.commands.StepOver",1444930510161
executed,command,org.eclipse.debug.ui,3.10.1.v20140822-1408,"org.eclipse.debug.ui.commands.StepOver",1444930510656
executed,command,org.eclipse.debug.ui,3.10.1.v20140822-1408,"org.eclipse.debug.ui.commands.StepOver",1444930511200
executed,command,org.eclipse.debug.ui,3.10.1.v20140822-1408,"org.eclipse.debug.ui.commands.StepOver",1444930511795
executed,command,org.eclipse.debug.ui,3.10.1.v20140822-1408,"org.eclipse.debug.ui.commands.StepOver",1444930512238
executed,command,org.eclipse.debug.ui,3.10.1.v20140822-1408,"org.eclipse.debug.ui.commands.StepOver",1444930512982
executed,command,org.eclipse.debug.ui,3.10.1.v20140822-1408,"org.eclipse.debug.ui.commands.StepOver",1444930513378
executed,command,org.eclipse.debug.ui,3.10.1.v20140822-1408,"org.eclipse.debug.ui.commands.StepOver",1444930513989
executed,command,org.eclipse.debug.ui,3.10.1.v20140822-1408,"org.eclipse.debug.ui.commands.StepOver",1444930514499
executed,command,org.eclipse.debug.ui,3.10.1.v20140822-1408,"org.eclipse.debug.ui.commands.StepOver",1444930516521
executed,command,org.eclipse.debug.ui,3.10.1.v20140822-1408,"org.eclipse.debug.ui.commands.StepOver",1444930517694
executed,command,org.eclipse.debug.ui,3.10.1.v20140822-1408,"org.eclipse.debug.ui.commands.StepOver",1444930518899
executed,command,org.eclipse.debug.ui,3.10.1.v20140822-1408,"org.eclipse.debug.ui.commands.StepOver",1444930519338
executed,command,org.eclipse.debug.ui,3.10.1.v20140822-1408,"org.eclipse.debug.ui.commands.StepOver",1444930519971
executed,command,org.eclipse.debug.ui,3.10.1.v20140822-1408,"org.eclipse.debug.ui.commands.StepOver",1444930520433
executed,command,org.eclipse.debug.ui,3.10.1.v20140822-1408,"org.eclipse.debug.ui.commands.StepOver",1444930520781
executed,command,org.eclipse.debug.ui,3.10.1.v20140822-1408,"org.eclipse.debug.ui.commands.StepOver",1444930521119
executed,command,org.eclipse.debug.ui,3.10.1.v20140822-1408,"org.eclipse.debug.ui.commands.StepOver",1444930521533
executed,command,org.eclipse.debug.ui,3.10.1.v20140822-1408,"org.eclipse.debug.ui.commands.StepOver",1444930521937
executed,command,org.eclipse.debug.ui,3.10.1.v20140822-1408,"org.eclipse.debug.ui.commands.StepOver",1444930522308
executed,command,org.eclipse.debug.ui,3.10.1.v20140822-1408,"org.eclipse.debug.ui.commands.StepOver",1444930522759
executed,command,org.eclipse.debug.ui,3.10.1.v20140822-1408,"org.eclipse.debug.ui.commands.StepOver",1444930523114
executed,command,org.eclipse.debug.ui,3.10.1.v20140822-1408,"org.eclipse.debug.ui.commands.StepOver",1444930523528
executed,command,org.eclipse.debug.ui,3.10.1.v20140822-1408,"org.eclipse.debug.ui.commands.StepOver",1444930523894
executed,command,org.eclipse.debug.ui,3.10.1.v20140822-1408,"org.eclipse.debug.ui.commands.StepOver",1444930524280
executed,command,org.eclipse.debug.ui,3.10.1.v20140822-1408,"org.eclipse.debug.ui.commands.StepOver",1444930524733
executed,command,org.eclipse.debug.ui,3.10.1.v20140822-1408,"org.eclipse.debug.ui.commands.StepOver",1444930525112
executed,command,org.eclipse.debug.ui,3.10.1.v20140822-1408,"org.eclipse.debug.ui.commands.StepOver",1444930525445
executed,command,org.eclipse.debug.ui,3.10.1.v20140822-1408,"org.eclipse.debug.ui.commands.StepOver",1444930525784
executed,command,org.eclipse.debug.ui,3.10.1.v20140822-1408,"org.eclipse.debug.ui.commands.StepOver",1444930526076
executed,command,org.eclipse.debug.ui,3.10.1.v20140822-1408,"org.eclipse.debug.ui.commands.StepOver",1444930526321
executed,command,org.eclipse.debug.ui,3.10.1.v20140822-1408,"org.eclipse.debug.ui.commands.StepOver",1444930526585
executed,command,org.eclipse.debug.ui,3.10.1.v20140822-1408,"org.eclipse.debug.ui.commands.StepOver",1444930526823
executed,command,org.eclipse.debug.ui,3.10.1.v20140822-1408,"org.eclipse.debug.ui.commands.StepOver",1444930527054
executed,command,org.eclipse.debug.ui,3.10.1.v20140822-1408,"org.eclipse.debug.ui.commands.StepOver",1444930527279
executed,command,org.eclipse.debug.ui,3.10.1.v20140822-1408,"org.eclipse.debug.ui.commands.StepOver",1444930527515
executed,command,org.eclipse.debug.ui,3.10.1.v20140822-1408,"org.eclipse.debug.ui.commands.StepOver",1444930527748
executed,command,org.eclipse.debug.ui,3.10.1.v20140822-1408,"org.eclipse.debug.ui.commands.StepOver",1444930527976
executed,command,org.eclipse.debug.ui,3.10.1.v20140822-1408,"org.eclipse.debug.ui.commands.StepOver",1444930528197
executed,command,org.eclipse.debug.ui,3.10.1.v20140822-1408,"org.eclipse.debug.ui.commands.StepOver",1444930528420
executed,command,org.eclipse.debug.ui,3.10.1.v20140822-1408,"org.eclipse.debug.ui.commands.StepOver",1444930528633
executed,command,org.eclipse.debug.ui,3.10.1.v20140822-1408,"org.eclipse.debug.ui.commands.StepOver",1444930528866
executed,command,org.eclipse.debug.ui,3.10.1.v20140822-1408,"org.eclipse.debug.ui.commands.StepOver",1444930529097
executed,command,org.eclipse.debug.ui,3.10.1.v20140822-1408,"org.eclipse.debug.ui.commands.StepOver",1444930529345
executed,command,org.eclipse.debug.ui,3.10.1.v20140822-1408,"org.eclipse.debug.ui.commands.StepOver",1444930529580
executed,command,org.eclipse.debug.ui,3.10.1.v20140822-1408,"org.eclipse.debug.ui.commands.StepOver",1444930529819
executed,command,org.eclipse.debug.ui,3.10.1.v20140822-1408,"org.eclipse.debug.ui.commands.StepOver",1444930530024
executed,command,org.eclipse.debug.ui,3.10.1.v20140822-1408,"org.eclipse.debug.ui.commands.StepOver",1444930530262
executed,command,org.eclipse.debug.ui,3.10.1.v20140822-1408,"org.eclipse.debug.ui.commands.StepOver",1444930530462
executed,command,org.eclipse.debug.ui,3.10.1.v20140822-1408,"org.eclipse.debug.ui.commands.StepOver",1444930530683
executed,command,org.eclipse.debug.ui,3.10.1.v20140822-1408,"org.eclipse.debug.ui.commands.StepOver",1444930530907
executed,command,org.eclipse.debug.ui,3.10.1.v20140822-1408,"org.eclipse.debug.ui.commands.StepOver",1444930531124
executed,command,org.eclipse.debug.ui,3.10.1.v20140822-1408,"org.eclipse.debug.ui.commands.StepOver",1444930531340
executed,command,org.eclipse.debug.ui,3.10.1.v20140822-1408,"org.eclipse.debug.ui.commands.StepOver",1444930531568
executed,command,org.eclipse.debug.ui,3.10.1.v20140822-1408,"org.eclipse.debug.ui.commands.StepOver",1444930531788
executed,command,org.eclipse.debug.ui,3.10.1.v20140822-1408,"org.eclipse.debug.ui.commands.StepOver",1444930532027
executed,command,org.eclipse.debug.ui,3.10.1.v20140822-1408,"org.eclipse.debug.ui.commands.StepOver",1444930532240
executed,command,org.eclipse.debug.ui,3.10.1.v20140822-1408,"org.eclipse.debug.ui.commands.StepOver",1444930532471
executed,command,org.eclipse.debug.ui,3.10.1.v20140822-1408,"org.eclipse.debug.ui.commands.StepOver",1444930532711
executed,command,org.eclipse.debug.ui,3.10.1.v20140822-1408,"org.eclipse.debug.ui.commands.StepOver",1444930532962
executed,command,org.eclipse.debug.ui,3.10.1.v20140822-1408,"org.eclipse.debug.ui.commands.StepOver",1444930533209
executed,command,org.eclipse.debug.ui,3.10.1.v20140822-1408,"org.eclipse.debug.ui.commands.StepOver",1444930533680
executed,command,org.eclipse.debug.ui,3.10.1.v20140822-1408,"org.eclipse.debug.ui.commands.StepOver",1444930534015
executed,command,org.eclipse.debug.ui,3.10.1.v20140822-1408,"org.eclipse.debug.ui.commands.StepOver",1444930535270
executed,command,org.eclipse.debug.ui,3.10.1.v20140822-1408,"org.eclipse.debug.ui.commands.StepOver",1444930536049
executed,command,org.eclipse.debug.ui,3.10.1.v20140822-1408,"org.eclipse.debug.ui.commands.StepOver",1444930537423
executed,command,org.eclipse.debug.ui,3.10.1.v20140822-1408,"org.eclipse.debug.ui.commands.StepOver",1444930538597
executed,command,org.eclipse.debug.ui,3.10.1.v20140822-1408,"org.eclipse.debug.ui.commands.StepOver",1444930539088
executed,command,org.eclipse.debug.ui,3.10.1.v20140822-1408,"org.eclipse.debug.ui.commands.StepOver",1444930539463
executed,command,org.eclipse.debug.ui,3.10.1.v20140822-1408,"org.eclipse.debug.ui.commands.StepOver",1444930539810
executed,command,org.eclipse.debug.ui,3.10.1.v20140822-1408,"org.eclipse.debug.ui.commands.StepOver",1444930540353
executed,command,org.eclipse.debug.ui,3.10.1.v20140822-1408,"org.eclipse.debug.ui.commands.StepOver",1444930541228
executed,command,org.eclipse.debug.ui,3.10.1.v20140822-1408,"org.eclipse.debug.ui.commands.StepOver",1444930542188
executed,command,org.eclipse.debug.ui,3.10.1.v20140822-1408,"org.eclipse.debug.ui.commands.StepOver",1444930542744
executed,command,org.eclipse.debug.ui,3.10.1.v20140822-1408,"org.eclipse.debug.ui.commands.StepOver",1444930543414
executed,command,org.eclipse.debug.ui,3.10.1.v20140822-1408,"org.eclipse.debug.ui.commands.StepOver",1444930543832
executed,command,org.eclipse.debug.ui,3.10.1.v20140822-1408,"org.eclipse.debug.ui.commands.StepOver",1444930544619
executed,command,org.eclipse.debug.ui,3.10.1.v20140822-1408,"org.eclipse.debug.ui.commands.StepOver",1444930545170
executed,command,org.eclipse.debug.ui,3.10.1.v20140822-1408,"org.eclipse.debug.ui.commands.StepOver",1444930547193
executed,command,org.eclipse.debug.ui,3.10.1.v20140822-1408,"org.eclipse.debug.ui.commands.StepOver",1444930547917
executed,command,org.eclipse.debug.ui,3.10.1.v20140822-1408,"org.eclipse.debug.ui.commands.StepOver",1444930549001
executed,command,org.eclipse.debug.ui,3.10.1.v20140822-1408,"org.eclipse.debug.ui.commands.StepOver",1444930549993
executed,command,org.eclipse.debug.ui,3.10.1.v20140822-1408,"org.eclipse.debug.ui.commands.StepOver",1444930550607
executed,command,org.eclipse.debug.ui,3.10.1.v20140822-1408,"org.eclipse.debug.ui.commands.StepOver",1444930551141
executed,command,org.eclipse.debug.ui,3.10.1.v20140822-1408,"org.eclipse.debug.ui.commands.StepOver",1444930551606
executed,command,org.eclipse.debug.ui,3.10.1.v20140822-1408,"org.eclipse.debug.ui.commands.StepOver",1444930552059
executed,command,org.eclipse.debug.ui,3.10.1.v20140822-1408,"org.eclipse.debug.ui.commands.StepOver",1444930552598
executed,command,org.eclipse.debug.ui,3.10.1.v20140822-1408,"org.eclipse.debug.ui.commands.StepOver",1444930553355
executed,command,org.eclipse.debug.ui,3.10.1.v20140822-1408,"org.eclipse.debug.ui.commands.StepOver",1444930553668
executed,command,org.eclipse.debug.ui,3.10.1.v20140822-1408,"org.eclipse.debug.ui.commands.StepOver",1444930553906
executed,command,org.eclipse.debug.ui,3.10.1.v20140822-1408,"org.eclipse.debug.ui.commands.StepOver",1444930554134
executed,command,org.eclipse.debug.ui,3.10.1.v20140822-1408,"org.eclipse.debug.ui.commands.StepOver",1444930554350
executed,command,org.eclipse.debug.ui,3.10.1.v20140822-1408,"org.eclipse.debug.ui.commands.StepOver",1444930554593
executed,command,org.eclipse.debug.ui,3.10.1.v20140822-1408,"org.eclipse.debug.ui.commands.StepOver",1444930554846
executed,command,org.eclipse.debug.ui,3.10.1.v20140822-1408,"org.eclipse.debug.ui.commands.StepOver",1444930555193
executed,command,org.eclipse.debug.ui,3.10.1.v20140822-1408,"org.eclipse.debug.ui.commands.StepOver",1444930555458
executed,command,org.eclipse.debug.ui,3.10.1.v20140822-1408,"org.eclipse.debug.ui.commands.StepOver",1444930555754
executed,command,org.eclipse.debug.ui,3.10.1.v20140822-1408,"org.eclipse.debug.ui.commands.StepOver",1444930556067
executed,command,org.eclipse.debug.ui,3.10.1.v20140822-1408,"org.eclipse.debug.ui.commands.StepOver",1444930556316
executed,command,org.eclipse.debug.ui,3.10.1.v20140822-1408,"org.eclipse.debug.ui.commands.StepOver",1444930556569
executed,command,org.eclipse.debug.ui,3.10.1.v20140822-1408,"org.eclipse.debug.ui.commands.StepOver",1444930556784
executed,command,org.eclipse.debug.ui,3.10.1.v20140822-1408,"org.eclipse.debug.ui.commands.StepOver",1444930557025
executed,command,org.eclipse.debug.ui,3.10.1.v20140822-1408,"org.eclipse.debug.ui.commands.StepOver",1444930557262
executed,command,org.eclipse.debug.ui,3.10.1.v20140822-1408,"org.eclipse.debug.ui.commands.StepOver",1444930557493
executed,command,org.eclipse.debug.ui,3.10.1.v20140822-1408,"org.eclipse.debug.ui.commands.StepOver",1444930557746
executed,command,org.eclipse.debug.ui,3.10.1.v20140822-1408,"org.eclipse.debug.ui.commands.StepOver",1444930558028
executed,command,org.eclipse.debug.ui,3.10.1.v20140822-1408,"org.eclipse.debug.ui.commands.StepOver",1444930558294
executed,command,org.eclipse.debug.ui,3.10.1.v20140822-1408,"org.eclipse.debug.ui.commands.StepOver",1444930558646
executed,command,org.eclipse.debug.ui,3.10.1.v20140822-1408,"org.eclipse.debug.ui.commands.StepOver",1444930558942
executed,command,org.eclipse.debug.ui,3.10.1.v20140822-1408,"org.eclipse.debug.ui.commands.StepOver",1444930559197
executed,command,org.eclipse.debug.ui,3.10.1.v20140822-1408,"org.eclipse.debug.ui.commands.StepOver",1444930559428
executed,command,org.eclipse.debug.ui,3.10.1.v20140822-1408,"org.eclipse.debug.ui.commands.StepOver",1444930559677
executed,command,org.eclipse.debug.ui,3.10.1.v20140822-1408,"org.eclipse.debug.ui.commands.StepOver",1444930559897
executed,command,org.eclipse.debug.ui,3.10.1.v20140822-1408,"org.eclipse.debug.ui.commands.StepOver",1444930560138
executed,command,org.eclipse.debug.ui,3.10.1.v20140822-1408,"org.eclipse.debug.ui.commands.StepOver",1444930560375
executed,command,org.eclipse.debug.ui,3.10.1.v20140822-1408,"org.eclipse.debug.ui.commands.StepOver",1444930560649
executed,command,org.eclipse.debug.ui,3.10.1.v20140822-1408,"org.eclipse.debug.ui.commands.StepOver",1444930560963
executed,command,org.eclipse.debug.ui,3.10.1.v20140822-1408,"org.eclipse.debug.ui.commands.StepOver",1444930561238
executed,command,org.eclipse.debug.ui,3.10.1.v20140822-1408,"org.eclipse.debug.ui.commands.StepOver",1444930561551
executed,command,org.eclipse.debug.ui,3.10.1.v20140822-1408,"org.eclipse.debug.ui.commands.StepOver",1444930561884
executed,command,org.eclipse.debug.ui,3.10.1.v20140822-1408,"org.eclipse.debug.ui.commands.StepOver",1444930562220
executed,command,org.eclipse.debug.ui,3.10.1.v20140822-1408,"org.eclipse.debug.ui.commands.StepOver",1444930562499
executed,command,org.eclipse.debug.ui,3.10.1.v20140822-1408,"org.eclipse.debug.ui.commands.StepOver",1444930562725
executed,command,org.eclipse.debug.ui,3.10.1.v20140822-1408,"org.eclipse.debug.ui.commands.StepOver",1444930563073
executed,command,org.eclipse.debug.ui,3.10.1.v20140822-1408,"org.eclipse.debug.ui.commands.StepOver",1444930563351
executed,command,org.eclipse.debug.ui,3.10.1.v20140822-1408,"org.eclipse.debug.ui.commands.StepOver",1444930563589
executed,command,org.eclipse.debug.ui,3.10.1.v20140822-1408,"org.eclipse.debug.ui.commands.StepOver",1444930563838
executed,command,org.eclipse.debug.ui,3.10.1.v20140822-1408,"org.eclipse.debug.ui.commands.StepOver",1444930564056
executed,command,org.eclipse.debug.ui,3.10.1.v20140822-1408,"org.eclipse.debug.ui.commands.StepOver",1444930564289
executed,command,org.eclipse.debug.ui,3.10.1.v20140822-1408,"org.eclipse.debug.ui.commands.StepOver",1444930564537
executed,command,org.eclipse.debug.ui,3.10.1.v20140822-1408,"org.eclipse.debug.ui.commands.StepOver",1444930564877
executed,command,org.eclipse.debug.ui,3.10.1.v20140822-1408,"org.eclipse.debug.ui.commands.StepOver",1444930565193
executed,command,org.eclipse.debug.ui,3.10.1.v20140822-1408,"org.eclipse.debug.ui.commands.StepOver",1444930565643
executed,command,org.eclipse.debug.ui,3.10.1.v20140822-1408,"org.eclipse.debug.ui.commands.StepOver",1444930566926
executed,command,org.eclipse.debug.ui,3.10.1.v20140822-1408,"org.eclipse.debug.ui.commands.StepOver",1444930572336
executed,command,org.eclipse.debug.ui,3.10.1.v20140822-1408,"org.eclipse.debug.ui.commands.StepOver",1444930575105
executed,command,org.eclipse.debug.ui,3.10.1.v20140822-1408,"org.eclipse.debug.ui.commands.StepOver",1444930687805
executed,command,org.eclipse.debug.ui,3.10.1.v20140822-1408,"org.eclipse.debug.ui.commands.StepOver",1444930688771
executed,command,org.eclipse.debug.ui,3.10.1.v20140822-1408,"org.eclipse.debug.ui.commands.StepOver",1444930691109
executed,command,org.eclipse.debug.ui,3.10.1.v20140822-1408,"org.eclipse.debug.ui.commands.StepOver",1444930691528
executed,command,org.eclipse.debug.ui,3.10.1.v20140822-1408,"org.eclipse.debug.ui.commands.StepOver",1444930691954
executed,command,org.eclipse.debug.ui,3.10.1.v20140822-1408,"org.eclipse.debug.ui.commands.StepOver",1444930692380
executed,command,org.eclipse.debug.ui,3.10.1.v20140822-1408,"org.eclipse.debug.ui.commands.StepOver",1444930692770
executed,command,org.eclipse.debug.ui,3.10.1.v20140822-1408,"org.eclipse.debug.ui.commands.StepOver",1444930693194
executed,command,org.eclipse.debug.ui,3.10.1.v20140822-1408,"org.eclipse.debug.ui.commands.StepOver",1444930715221
executed,command,org.eclipse.debug.ui,3.10.1.v20140822-1408,"org.eclipse.debug.ui.commands.StepOver",1444930757434
executed,command,org.eclipse.debug.ui,3.10.1.v20140822-1408,"org.eclipse.debug.ui.commands.StepOver",1444930760150
executed,command,org.eclipse.debug.ui,3.10.1.v20140822-1408,"org.eclipse.debug.ui.commands.StepOver",1444930772801
executed,command,org.eclipse.debug.ui,3.10.1.v20140822-1408,"org.eclipse.debug.ui.commands.StepOver",1444930785394
executed,command,org.eclipse.debug.ui,3.10.1.v20140822-1408,"org.eclipse.debug.ui.commands.StepOver",1444930790899
executed,command,org.eclipse.debug.ui,3.10.1.v20140822-1408,"org.eclipse.debug.ui.commands.StepOver",1444930794619
executed,command,org.eclipse.debug.ui,3.10.1.v20140822-1408,"org.eclipse.debug.ui.commands.StepOver",1444930815308
executed,command,org.eclipse.debug.ui,3.10.1.v20140822-1408,"org.eclipse.debug.ui.commands.StepOver",1444930820999
executed,command,org.eclipse.debug.ui,3.10.1.v20140822-1408,"org.eclipse.debug.ui.commands.StepOver",1444930823713
executed,command,org.eclipse.debug.ui,3.10.1.v20140822-1408,"org.eclipse.debug.ui.commands.StepOver",1444930828188
executed,command,org.eclipse.debug.ui,3.10.1.v20140822-1408,"org.eclipse.debug.ui.commands.StepOver",1444930829757
activated,editor,org.eclipse.jdt.ui,3.10.1.v20140817-1500,"org.eclipse.jdt.ui.CompilationUnitEditor",1444931221053
activated,editor,org.eclipse.jdt.ui,3.10.1.v20140817-1500,"org.eclipse.jdt.ui.CompilationUnitEditor",1444931221962
deactivated,workbench,org.eclipse.ui.workbench,3.106.1.v20140827-1737,"",1444931411685
activated,workbench,org.eclipse.ui.workbench,3.106.1.v20140827-1737,"",1444931414833
activated,editor,org.eclipse.jdt.ui,3.10.1.v20140817-1500,"org.eclipse.jdt.ui.CompilationUnitEditor",1444931414850
